{
  "WEATHER_FEATURE_DIM": 5,
  "D_MODEL": 192,
  "N_HEADS": 8,
  "E_LAYERS": 2,
  "D_FF": 2048,
  "DROPOUT": 0.15000000000000002,
  "PATCH_LEN": 48,
  "BATCH_SIZE": 16,
  "LEARNING_RATE": 0.0004298514248838813
}
