{
  "WEATHER_FEATURE_DIM": 3,
  "D_MODEL": 192,
  "N_HEADS": 8,
  "E_LAYERS": 3,
  "D_FF": 2048,
  "DROPOUT": 0.15000000000000002,
  "PATCH_LEN": 192,
  "BATCH_SIZE": 32,
  "LEARNING_RATE": 0.0006443728185846996
}
