{
  "model": "DLinear",
  "mae": 0.017845377326011658,
  "mse": 0.0006770718609914184,
  "rmse": 0.026020605117082596,
  "mape": 0.028156445132812017,
  "r2": 0.9685592651367188,
  "mae_1d": 0.019711825996637344,
  "mse_1d": 0.0007668043253943324,
  "rmse_1d": 0.027691231922656174,
  "mape_1d": 0.030918939039111137,
  "r2_1d": 0.9648966193199158,
  "shape": [
    5761,
    96,
    1
  ]
}