{
  "model": "DLinear",
  "mae": 0.01753648929297924,
  "mse": 0.00066230638185516,
  "rmse": 0.025735313072800636,
  "mape": 0.02753033934402187,
  "r2": 0.9692448973655701,
  "mae_1d": 0.01939304731786251,
  "mse_1d": 0.0007736303377896547,
  "rmse_1d": 0.027814211076168504,
  "mape_1d": 0.03008299507200718,
  "r2_1d": 0.9645841121673584,
  "shape": [
    5761,
    96,
    1
  ]
}