{
  "model": "PatchTST",
  "mae": 0.02377885766327381,
  "mse": 0.0010278375120833516,
  "rmse": 0.03205990418791771,
  "mape": 0.03767123788102042,
  "r2": 0.9522709846496582,
  "mae_1d": 0.023358814418315887,
  "mse_1d": 0.0010868613608181477,
  "rmse_1d": 0.032967580451379014,
  "mape_1d": 0.035877007991075516,
  "r2_1d": 0.9502447843551636,
  "mean_pinball": 0.006696497207680502,
  "picp_p10_p90": 0.7617022507666493,
  "pinaw_p10_p90": 0.1071318140270568,
  "shape": [
    5761,
    96,
    1
  ]
}