{
  "model": "LSTM",
  "mae": 0.02420890296954459,
  "mse": 0.001002506867201597,
  "rmse": 0.031662388842309375,
  "mape": 0.03911835964603151,
  "r2": 0.9534472280316143,
  "mae_1d": 0.023181631214167164,
  "mse_1d": 0.0009231684228090631,
  "rmse_1d": 0.030383686787634298,
  "mape_1d": 0.037221797154785775,
  "r2_1d": 0.9577384653339482,
  "shape": [
    5761,
    96,
    1
  ]
}