{
  "model": "ARIMA",
  "mae": 0.1250699960063332,
  "mse": 0.028472126140703085,
  "rmse": 0.1687368547197176,
  "mape": 0.21531090654379942,
  "r2": -0.32214196136446405,
  "mae_1d": 0.026502042516608544,
  "mse_1d": 0.0016608289470387068,
  "rmse_1d": 0.040753269157684846,
  "mape_1d": 0.04377130508385555,
  "r2_1d": 0.9239692580622684,
  "shape": [
    5761,
    96
  ]
}