{
  "model": "TimeXer",
  "mae": 0.03471766412258148,
  "mse": 0.0023509198799729347,
  "rmse": 0.04848628491163254,
  "mape": 0.0529242090991017,
  "r2": 0.8908318281173706,
  "mae_1d": 0.04284350946545601,
  "mse_1d": 0.003506610868498683,
  "rmse_1d": 0.05921664350922537,
  "mape_1d": 0.0642104297876358,
  "r2_1d": 0.8394715785980225,
  "shape": [
    5761,
    96,
    1
  ]
}