{
  "model": "Autoformer",
  "mae": 0.048748522996902466,
  "mse": 0.004375897813588381,
  "rmse": 0.06615056842565536,
  "mape": 0.07704045949279403,
  "r2": 0.7967992424964905,
  "mae_1d": 0.061962079256772995,
  "mse_1d": 0.006639670580625534,
  "rmse_1d": 0.08148417380464464,
  "mape_1d": 0.10179580003023148,
  "r2_1d": 0.6960439682006836,
  "shape": [
    5761,
    96,
    1
  ]
}