{
  "model": "Autoformer",
  "mae": 0.16343538463115692,
  "mse": 0.042867448180913925,
  "rmse": 0.2070445567369461,
  "mape": 0.2597222850282974,
  "r2": -0.9906080961227417,
  "mae_1d": 0.22643309831619263,
  "mse_1d": 0.09592223912477493,
  "rmse_1d": 0.30971315620227524,
  "mape_1d": 0.36779525876045227,
  "r2_1d": -3.3912038803100586,
  "mean_pinball": 0.07197293459574865,
  "picp_p10_p90": 0.13622851935427877,
  "pinaw_p10_p90": 0.10538221939864932,
  "shape": [
    5761,
    96,
    1
  ]
}